PFSW,
CERP,
PFBX,
PESI,
CFBK,
PERF,
PEOP,
CFFC,
PEIX,
PDEX,
FRP,
PCYO,
PCYC,
CGEIU,
CGEN,
CHCI,
PBSK,
PBHC,
CHEV,
CHFN,
PAMT,
PACQ,
PTNT,
PTEK,
PSTI,
PSOF,
CBIN,
CBLI,
CBMX,
PRWT,
PRLS,
PRKR,
PPHM,
POPE,
PNTR,
PNRG,
PMD,
CDTI,
PLUG,
PLMT,
PLCC,
PLBC,
CEMI,
PKBK,
PGRX,
OBCI,
OBAF,
CLNT,
NYMX,
NYMT,
CLRO,
CLRX,
CLSN,
CLWT,
NVEC,
NURO,
NTWK,
CMSB,
CNDO,
NSYS,
CNTY,
CNYD,
NKSH,
NFEC,
NEXS,
NEWT,
NETE,
CHLN,
CHNR,
OXGN,
OXBT,
OVRL,
OVLY,
CHTP,
OSH,
ORRF,
CIMT,
ORBT,
OPXA,
OPOF,
OPHC,
CJJD,
ONVI,
OMEX,
OLBK,
OGXI,
CLIR,
OFED,
OCZ,
OCLS,
BASI,
SMMF,
SMIT,
SMED,
SLTC,
SLP,
SKBI,
SINO,
BDMS,
BDSI,
SIEB,
SIBC,
SHOS,
BFLY,
SGYP,
SGRP,
SGOC,
SGMA,
BGSCU,
SFBC,
SEV,
BIDZ,
STRN,
STRM,
ATHX,
ATLO,
STND,
ATNY,
STEM,
ATRM,
STBZ,
ATRS,
ATTU,
SSH,
SSFN,
AVCA,
SPRO,
SPNS,
AXAS,
SPIR,
SPEX,
SPBC,
SOMX,
SOFO,
SNSS,
RLOG,
RLJE,
RIVR,
RITT,
RGDX,
BWEN,
REFR,
REED,
BWOW,
RDI,
BYFC,
RDCM,
RCON,
CAAS,
CACB,
RAND,
RADA,
QKLS,
CART,
PZZI,
PVFC,
PURE,
PTSX,
BIOD,
BIOF,
BIOL,
SCON,
SCOK,
BKOR,
BKSC,
BLIN,
BLMT,
BMRC,
SANW,
BNCN,
BNSO,
SAAS,
BOSC,
BOTJ,
BOVA,
RPRX,
ROYL,
ROSG,
ROIQ,
RNIN,
RMKR,
INSM,
INOC,
IMOS,
ENMD,
IKNX,
IKAN,
IGOI,
IFON,
EONC,
IDSA,
ICCC,
ICAD,
ESBK,
ESMC,
ESSX,
ESYS,
ETRM,
EVOL,
HSKA,
EXAS,
HPAC,
HOTR,
JXSB,
JVA,
EAGLU,
JOEZ,
EBOD,
JCTCF,
ECTE,
ECTY,
EDAC,
ISRL,
ISNS,
ISIG,
EFUT,
EGAN,
IROQ,
EGBN,
EGHT,
ELSE,
INXBU,
ELTK,
INTT,
EMCF,
INTG,
GSVC,
GSAT,
GROW,
GRMH,
GPRC,
FFCO,
GNVC,
FFNM,
GLBZ,
FHCO,
GIGA,
FLIC,
GCFB,
GCBC,
GALT,
GALE,
FMNB,
FNBN,
FULL,
FONR,
FORD,
FSFG,
FSBW,
HNRG,
HNH,
HMNY,
HLYS,
HIHO,
HGSH,
HFBL,
HEOP,
FBSS,
HDSN,
FCAP,
HBMD,
HBK,
FCCO,
HAUP,
HAST,
FCLF,
GYRO,
GTWN,
FCTY,
FCVA,
GTIM,
FCZA,
MITK,
CTIB,
CTIC,
MGCD,
MFNC,
CUBA,
CUI,
CUNB,
MELA,
MEIP,
MEILU,
MEDW,
CVCY,
MEAD,
CVV,
MCBK,
CYAN,
MBRG,
MBND,
MAYS,
MASC,
MARPS,
NEON,
COOL,
CORT,
NBTF,
CPAH,
CPBC,
NATR,
NASB,
CPRX,
CPSL,
MTSL,
CRBC,
CRDS,
CRMBU,
CRTX,
MPET,
CRWS,
MNTX,
MNRK,
MNGLU,
MNGA,
MMUS,
CTCH,
LIVE,
DJCO,
LIME,
DLHC,
LFVN,
DNBF,
LCNB,
LBIX,
DOVR,
DRAM,
DSCI,
DSCO,
DSTI,
KOOL,
KONE,
KIPS,
KIPO,
DVAX,
KGJI,
DWCH,
KERX,
KCLI,
DYNT,
MARK,
CYTR,
CZNC,
DAEG,
DAIO,
LUNA,
DARA,
LTRX,
LTBR,
DCIN,
LRAD,
LPTN,
LPTH,
LPSBD,
DCTH,
DENN,
LOCM,
LOAN,
DFR,
LMLP,
DGLY,
DHRM,
LIWA,
AMBT,
ASBI,
APAGF,
TIGR,
AIRT,
ARWR,
TAYD,
TRIT,
UNXL,
UPI,
TRIO,
WSCI,
ZHNE,
ARTW,
TCCO,
VIFL,
WILC,
AMPL,
AMPE,
WEBK,
AFOP,
AGEN,
ANTP,
ACPW,
VRML,
ZIOP,
SYNM,
TROV,
WEBM,
UFPT,
XPLR,
ULGX,
XRSC,
TAIT,
THLD,
ALRN,
APRI,
ABIO,
ABTL,
APWC,
AQUUU,
YOD,
ARCW,
ABVA,
THTI,
ARCI,
ADAT,
VBFC,
ARCP,
TISA,
WPCS,
URRE,
ALVR,
TEAR,
ACUR,
TPCG,
APPY,
TELK,
ADES,
USBI,
USCR,
XWES,
TORM,
USEG,
USMD,
TFCO,
VDSI,
ALTI,
WBKC,
VSCP,
ASTM,
ASTC,
ACNB,
KINS,
VSNT,
ANCI,
TXCC,
TWER,
ANDAU,
SUMR,
SVBI,
WVVI,
ZOOM,
UBCP,
VYFC,
WWAY,
VTUS,
VSCI,
SURG,
AFCB,
WAVX,
SUTR,
ASUR,
UBPSU,
STSA,
AETI,
ATEA,
ANNB,
AEHR,
TSRI,
XBKS,
STRT,
ANAC,
IFGL,
IFEU,
IFAS,
USLM,
NLST,
PATK,
NLNK,
COBR,
IDRA,
NKBP,
NINE,
HPJ,
IDSY,
NHTB,
EOPN,
WWIN,
NFSB,
PBIB,
ACWI,
PBIP,
USAT,
IESC,
HOLL,
IGOV,
NATH,
UTMD,
NAII,
III,
ANCB,
MYRX,
IIN,
ENPH,
ACWX,
PDFS,
CPSS,
CPST,
MVIS,
PDII,
VALU,
ENG,
UNB,
TWMC,
PCRX,
NECB,
NEBS,
IFNA,
PCTI,
COSI,
WSB,
NCBC,
IFSM,
NBN,
FABK,
CPGI,
NAVR,
CPHC,
NAUH,
ALOT,
HNSN,
WRLS,
OSN,
ONEQ,
CLBH,
ACRX,
OMER,
CLCT,
OSTK,
CLDX,
OINK,
CLFD,
UG,
OFLX,
WVFC,
ULBI,
OTIV,
OCC,
AMCF,
OBAS,
OTT,
CIDM,
OREX,
CHYR,
EVAL,
ORBC,
AMOT,
OPTT,
EUFN,
CITZ,
CIZN,
AMIC,
OPAY,
CKEC,
UCBA,
ONTY,
CHXF,
OSHC,
ONFC,
OSIR,
HTBI,
NTSC,
NTK,
NTIC,
CNBKA,
ICLN,
HPTX,
CNET,
ALXA,
ICPT,
NSPH,
NSEC,
NRCI,
PAGG,
TZYM,
NPSP,
IDIX,
PATH,
COBK,
NMRX,
HZNP,
EXA,
OVBC,
NYNY,
AMBA,
UNAM,
NXST,
UNIS,
CLUB,
ESCA,
NWFL,
IBB,
WSTG,
NVSL,
UBOH,
UNTK,
AMRN,
NVAX,
UNTY,
NUCL,
JADE,
LTRE,
LTON,
JAXB,
LSBK,
LSBI,
DCIX,
VRNM,
JBSS,
JCS,
VRTA,
LOOK,
LONG,
EBTC,
JFBI,
VRTS,
EBMT,
DFZ,
DGAS,
LNBB,
JMBA,
LMNR,
ADUS,
MBLX,
CYCC,
VNDA,
CYNO,
MATR,
ITIC,
EDUC,
VNET,
VNQI,
EDGW,
CYTX,
CZFC,
MALL,
VONE,
MAG,
CZR,
MABAX,
CZWI,
VONG,
LWAY,
VONV,
AHPI,
EDAP,
ADRU,
VTWO,
LAKE,
LACO,
DRCO,
LABC,
DRRX,
DRTX,
KUTV,
KTEC,
KTCC,
VTWV,
VVTV,
KOSS,
AEY,
VXUS,
DSWL,
KONA,
KNDI,
DTLK,
KFFB,
WAYN,
DUSA,
AERL,
LMAT,
JOUT,
VSBN,
DIAL,
EAC,
LIOX,
DYSL,
DITC,
DLGC,
VSTM,
LGND,
DLIA,
VTHR,
AEGR,
DYAX,
DXYN,
DMRC,
VTIP,
VTSS,
DODBX,
KEQU,
VTWG,
LARK,
DRAD,
CSCD,
WOOD,
INOD,
MOCO,
MOBI,
VCLT,
INPH,
CSII,
VCSH,
MNOV,
MNKD,
ADEP,
MNDO,
WLFC,
ALIM,
CSPI,
WLDN,
MLVFD,
EMCB,
INTX,
INVE,
MLAB,
WLB,
VALV,
CRDC,
EMMT,
IMMU,
CREG,
MSON,
CRFN,
CRIS,
MSBF,
EML,
CRRB,
EMKR,
INDY,
EMIF,
MRCC,
EMFN,
VCIT,
CRWN,
MPB,
MPAC,
ALLB,
EMEY,
EMDI,
MOSY,
ALCS,
VITC,
IRIX,
MDVN,
ADRA,
MDIV,
MDH,
CVLY,
ISHG,
CWBC,
ADRD,
EEML,
EEME,
CXDC,
CXPO,
MCEP,
ADRE,
EEMA,
CYBE,
CYBI,
WETF,
VMBS,
EEI,
VFINX,
MITL,
VGIT,
WINA,
MIEDX,
ELOQ,
VGLT,
MHGC,
MGYR,
VGSH,
EIHI,
EGRW,
MFSF,
CU,
MFRI,
VIAS,
VICL,
MFLR,
MFI,
MERU,
VIDE,
MEMS,
VIMC,
VIRC,
ARQL,
SALM,
GPIC,
FFBH,
SABA,
TESS,
ZAZA,
BOCH,
GRID,
GRIF,
ABCD,
BONA,
FES,
RSOL,
ARKR,
BPAX,
RPTP,
GRVY,
FEIM,
FEFN,
BREW,
BRID,
GLBS,
ARTX,
BIOC,
SDIX,
SDBT,
TBOW,
GLDC,
ZGNX,
FFN,
SCMP,
BIS,
FFKY,
BKEP,
ARRY,
TDIV,
SBSA,
FFHL,
GNMA,
SBBX,
GNMK,
GNOM,
SAVB,
BV,
BVSN,
REIS,
BWINB,
REGI,
TINY,
REDF,
RECV,
RDNT,
TLF,
FCHI,
TMNG,
RCMT,
RBPAA,
RBNF,
HALL,
HALO,
CADC,
TOFC,
HARL,
QUIK,
QTWW,
ROIAK,
ROCM,
ARDNA,
BSDM,
RMTR,
RMTI,
THRD,
RMCF,
THRX,
BSPM,
ACAD,
BSQR,
GTXI,
RICK,
RGLS,
BSTC,
RGEN,
RGCO,
GUID,
RFIL,
BTUI,
GULF,
FNHC,
AWRE,
SVNT,
SVVC,
SPCHB,
AXFN,
SPAN,
SOXX,
SORL,
AXJS,
AAME,
SONA,
ASRV,
SOMH,
ZLCS,
SOCL,
SOCB,
BAGL,
SNTA,
GAI,
GAIA,
SNMX,
STSI,
FSBI,
STXS,
FREE,
ATAI,
ATRC,
SUPN,
FRBK,
STAA,
SSBI,
SRPT,
ATX,
AUBN,
SQQQ,
AAIT,
FONE,
SPU,
ZN,
SPSC,
FOLD,
ASTI,
SPPR,
SILC,
GFN,
BEAT,
SIGA,
SIFI,
TACT,
SHLO,
BERK,
SHIP,
GKNT,
TATT,
TAX,
ASBB,
SGNT,
BGMD,
SGMO,
SGC,
SFST,
BIB,
BICK,
TBAC,
AAXJ,
BANC,
SNFCA,
ZIXI,
ZIPR,
SNAK,
SMTX,
FLXS,
SYMX,
SYNC,
BBGI,
FLML,
SMBC,
SYNL,
BCBP,
GENC,
SKYY,
GENT,
BCOV,
BCSB,
SYPR,
GEVA,
GEVO,
GFED,
PSCE,
PSCF,
PGTI,
PSCH,
HFBC,
CERE,
CECE,
PSCI,
ANLY,
TSRX,
PFPT,
HMNF,
PLNR,
ANTH,
PSCM,
PSCT,
PNBK,
FBMS,
PSTL,
HBNK,
PSTB,
PFBI,
HFFC,
PNQI,
HBOS,
ANGI,
PSMI,
APFC,
PFIN,
TST,
PSDV,
PSCU,
ACHC,
TSPT,
CEDU,
CBRX,
PRCP,
PRGX,
FBNK,
XOMA,
PKT,
PPBI,
PKOL,
POZN,
TSON,
TRNS,
FCAL,
CCCL,
PINVX,
PSCD,
PSCC,
CCIX,
PSBH,
PHII,
FBIZ,
PSAU,
FARM,
CCIH,
HCCI,
CEMP,
PRXI,
HCKT,
CBNK,
HCOM,
PRPH,
PRMW,
PWX,
PERI,
PXLW,
CARV,
HILL,
QABA,
QBAK,
QCCO,
QCLN,
CARB,
HIFS,
TTGT,
FCEL,
QCRH,
PENX,
CAMT,
PRFZ,
QTEC,
CAFI,
QQXT,
TSBK,
QQQC,
QQQ,
QQEW,
CALD,
CALI,
CFNB,
QLTY,
CALL,
PEBK,
WWVY,
PLXT,
ANCX,
PSTR,
CEBK,
CERS,
CBAN,
FALC,
TREE,
CCUR,
HMST,
CBAK,
HBNC,
PLTM,
PTIX,
CDZI,
ACFN,
ACFC,
PTSI,
CARZ,
CASH,
TQQQ,
HBIO,
PWND,
PMNA,
TPGI,
CASM,
PVSW,
HBCP,
FCCY,
ADTN,
ECPG,
FLOW,
ECOL,
FLWS,
AAON,
FMCN,
EBSB,
ECHO,
FB,
FLIR,
FMBI,
EVEP,
EXPD,
EXPE,
EXPO,
EXTR,
AACC,
FORM,
AEIS,
ACLS,
DXCM,
FORR,
FOSL,
FRAN,
DWSN,
FACE,
EZPW,
FRED,
FRGI,
FRME,
CFNL,
DWA,
EXXI,
EBIX,
EBAY,
EWBC,
FAST,
ADVS,
FARO,
FMER,
FMFC,
EXAC,
EA,
EXAR,
AEGN,
EXEL,
EXLP,
FANG,
FNFG,
EXLS,
FNGN,
FNLC,
ACOM,
DXPE,
FNSR,
FEIC,
ADBE,
EMCI,
ABFS,
EPOC,
FELE,
EQIX,
ABCO,
FCBC,
ACTS,
FFBC,
ERIE,
ERII,
EROC,
ELRC,
ELOS,
FFCH,
ABCB,
ABAX,
FFEX,
ESBF,
ELON,
ELNK,
ENZN,
FCFC,
FCFS,
ENTR,
ENTG,
ACCL,
ENSG,
ACAT,
ACAS,
FCNCA,
ACXM,
ENOC,
ENDP,
EPAX,
EMMS,
ACET,
EPAY,
EPHC,
ABMD,
FDEF,
FDML,
EPIQ,
FDUS,
FBNC,
FINL,
FIRE,
EEFT,
FISI,
FISV,
AAWW,
FITB,
EDMC,
ETFC,
FIVE,
ACOR,
ACHN,
EVAC,
FIZZ,
FLDM,
FLEX,
ECYT,
FBMI,
ADSK,
ACIW,
AAPL,
EVBS,
ELGX,
EHTH,
FFIC,
FFIN,
ESEA,
EGOV,
FFIV,
EGLE,
ADI,
FFKT,
FFNW,
ADNC,
ADP,
ESGR,
ESIO,
EFSC,
ACTG,
ACGL,
ESRX,
EFII,
ESSA,
ENVI,
FBRC,
FIBK,
CA,
CAC,
CACC,
CACH,
CADX,
CAKE,
CALM,
CAMP,
CAR,
CASS,
CASY,
APOL,
CATM,
CATY,
APOG,
CAVM,
APKT,
CBEY,
CBF,
APEI,
CBNJ,
BOOM,
ARLP,
ARII,
BPFH,
ARIA,
BPOP,
BRCD,
BRCM,
AREX,
BRKL,
BRKR,
BRKS,
BRLI,
BSET,
BSFT,
ARCT,
BSRR,
BTFG,
BUSE,
BWLD,
ARCC,
ARAY,
CENT,
ANGO,
CENX,
CERN,
CETV,
CEVA,
ANEN,
ANDE,
CFFI,
CFFN,
CG,
ANAT,
ANAD,
CGNX,
CHCO,
CHDN,
CHDX,
AMZN,
AMWD,
CHEF,
AMSWA,
CBOE,
CBOU,
AOSL,
CBPO,
CBRL,
CBSH,
CBST,
AONE,
CCBG,
CCMP,
CCNE,
CCOI,
CCRN,
CCRT,
CCXI,
ANSS,
CDNS,
CDXS,
CECO,
CEDC,
CELG,
ANIK,
ASTE,
AXTI,
AZPN,
ASPS,
BABY,
ASNA,
BAMM,
BANF,
BANR,
ASIA,
BBBY,
BBCN,
BBEP,
ASFI,
BBNK,
BBOX,
BBRG,
BBSI,
BCDS,
BCOM,
BCOR,
ATEC,
ATHN,
ATAX,
ATMI,
ATML,
ATNI,
ATRI,
ASYS,
ATRO,
ATSG,
ATVI,
ASTX,
AUDC,
AUXL,
AVAV,
AVEO,
AVGO,
AVHI,
AVID,
AVNR,
AVNW,
AWAY,
BIRT,
BJRI,
BKCC,
BKMU,
BKYF,
BLDR,
BLKB,
BLMN,
ARRS,
BMC,
BMRN,
BMTC,
AROW,
BMTI,
BNCL,
ARNA,
BOBE,
BODY,
BOFI,
BOKF,
BOLT,
BONT,
ASEI,
BCPC,
BCRX,
BDE,
BDGE,
ASCMA,
ASCA,
BEAV,
BEBE,
BECN,
BELFA,
BFIN,
ASBC,
BGCP,
BGFV,
BHLB,
ARUN,
BIDU,
BIIB,
ARTNA,
BIOS,
ARTC,
ALGN,
CUTR,
CVBF,
CVCO,
ALCO,
CVGI,
CVGW,
CVLT,
CVTI,
AKRX,
CWCO,
CWEI,
CWST,
CWTR,
AKAM,
CY,
CYBX,
AIRM,
CYMI,
CYOU,
CYTK,
CSFL,
CSGP,
CSGS,
CSIQ,
ALKS,
CSOD,
CSTE,
CSTR,
CSUN,
CSWC,
CTAS,
CTBI,
CTCM,
CTCT,
CTGX,
CTHR,
CTRN,
CTRP,
CTSH,
CTWS,
ALGT,
CTXS,
AFCE,
DGIT,
DHFT,
DHIL,
DIOD,
DISCA,
DISH,
AFAM,
DLLR,
DLTR,
DMLP,
DMND,
DNDN,
DNKN,
DORM,
DRIV,
DRYS,
DSPG,
DTSI,
DTV,
AEPI,
DVOX,
AINV,
AIMC,
DAKT,
AHGP,
DATE,
AGYS,
AGNC,
DAVE,
DBLE,
AGII,
DCOM,
AFSI,
DECK,
DEER,
DELL,
DEPO,
DEST,
AFFY,
AFFX,
DFRG,
DGICA,
DGII,
AMCX,
CLMS,
AMCN,
CLMT,
CLNE,
AMCC,
AMAT,
CLVS,
CLWR,
AMAG,
CMCO,
CMCSA,
CME,
CMLS,
CMRG,
CMTL,
CMVT,
CNBC,
ALXN,
CNIT,
CNMD,
CHFC,
AMSG,
CHKE,
CHKP,
AMSF,
AMSC,
CHOP,
AMRS,
CHRW,
AMRI,
CHTR,
CHUY,
CHW,
AMRB,
CIEN,
CINF,
CISG,
AMNB,
AMKR,
AMGN,
CKSW,
AMED,
CPNO,
CPRT,
ALOG,
CPSI,
ALNY,
CPTS,
CPWR,
CRAI,
CRAY,
CRDN,
ALNC,
CREE,
CRMT,
CRNT,
CROX,
CRRC,
ALLT,
CRUS,
CRVL,
CRZO,
CSBK,
CSCO,
CNQR,
CNSL,
CNTF,
ALTR,
COBZ,
COCO,
COGO,
COHR,
COHU,
COKE,
COLB,
COLM,
CONN,
CORE,
COST,
COWN,
ALTE,
ALSK,
CPHD,
CPIX,
CPLA,
CPLP,
RVSB,
SAFM,
SAFT,
SAIA,
SANM,
SAPE,
SASR,
SATS,
SAVE,
SBAC,
SBCF,
SBGI,
SBLK,
SBNY,
SBRA,
SBSI,
SBUX,
SCBT,
SCHL,
SCHN,
SCHS,
SCLN,
SCMR,
SCOR,
SCSC,
SCSS,
SCVL,
SEAC,
RIGL,
RIMG,
RJET,
RLOC,
RMBS,
RNET,
RNST,
RNWK,
ROCK,
ROIC,
ROLL,
ROMA,
ROSE,
ROST,
ROVI,
RP,
RPXC,
RRD,
RRGB,
RRST,
RSTI,
RSYS,
RTEC,
RTIX,
RUE,
RUSHA,
RUTH,
RVBD,
SLGN,
SLM,
SLRC,
SLTM,
SLXP,
SMBL,
SMCI,
SMRT,
SMSI,
SMTC,
SNBC,
SNCR,
SNDK,
SNHY,
SNPS,
SNTS,
SODA,
SOHU,
SONC,
SONS,
SPAR,
SPLK,
SPLS,
SPMD,
SPNC,
SPPI,
SPRD,
SPRT,
SEED,
SEIC,
SENEB,
SFLY,
SFNC,
SGEN,
SGI,
SGMS,
SHBI,
SHEN,
SHFL,
SHLD,
SHLM,
SHOO,
SHOR,
SIAL,
SIFY,
SIGI,
SIGM,
SIMG,
SIMO,
SINA,
SIRI,
SIRO,
SIVB,
SKUL,
SKYW,
SLAB,
PFBC,
PFLT,
PFMT,
PGC,
PGNX,
PHMD,
PICO,
PKOH,
PLAB,
PLAY,
PLCE,
PLCM,
PLFE,
PLPC,
PLUS,
PLXS,
PMBC,
PMCS,
PMFG,
PMTC,
PMTI,
PNFP,
PNNT,
PNRA,
PODD,
POOL,
POWI,
POWL,
OTTR,
OUTD,
OVTI,
OXLC,
OZRK,
PACB,
PACR,
PACW,
PANL,
PATR,
PAYX,
PBCT,
PCAR,
PCBC,
PCBK,
PCCC,
PCH,
PCLN,
PCO,
PDCE,
PDCO,
PDLI,
PEBO,
PEGA,
PENN,
PERY,
PETM,
PETS,
QCOR,
QDEL,
QGEN,
QLGC,
QLIK,
QLYS,
QNST,
QQQX,
QSII,
RAIL,
RAVN,
RBCAA,
RBCN,
RCII,
RCKB,
RCKY,
RDA,
RDEN,
RDWR,
RECN,
REGN,
RELL,
RELV,
RENT,
REXI,
REXX,
RFMD,
RGLD,
POWR,
PRAA,
PRFT,
PRGO,
PRGS,
PRIM,
PROV,
PRSC,
PRSS,
PRTS,
PRXL,
PSEC,
PSEM,
PSMT,
PSSI,
PSUN,
PTEN,
PTIE,
PTRY,
PULB,
PVTB,
PWAV,
PWER,
PWOD,
PWRD,
PZZA,
QADB,
QCOM,
VICR,
VISN,
VIVO,
VLCCF,
VLGEA,
VLTR,
VMED,
VOCS,
VOLC,
VOXX,
VPFG,
VPHM,
VPRT,
VRA,
VRNT,
VRSK,
VRSN,
VRTB,
VRTU,
VRTX,
VSAT,
VSEC,
VVUS,
WABC,
WAFD,
WASH,
WBCO,
WBMD,
UEPS,
UFCS,
UFPI,
UHAL,
ULTA,
ULTI,
ULTR,
UMBF,
UMPQ,
UNFI,
UNTD,
UPIP,
URBN,
USAK,
USAP,
USMO,
USTR,
UTEK,
UTHR,
UTIW,
UTSI,
UVSP,
VASC,
VCBI,
VCLK,
VECO,
VELT,
VIAB,
WYNN,
XIDE,
XLNX,
XNPT,
XRAY,
XRTX,
XTEX,
XTXI,
XXIA,
YAVY,
YDNT,
YHOO,
YNDX,
YONG,
YORW,
YRCW,
YTEC,
Z,
ZAGG,
ZBRA,
ZEUS,
ZIGO,
ZINC,
ZION,
ZIP,
ZLTQ,
ZNGA,
ZOLT,
WBSN,
WCBO,
WCRX,
WDC,
WDFC,
WEN,
WERN,
WEYS,
WFD,
WFM,
WIBC,
WIFI,
WIN,
WIRE,
WMAR,
WMGI,
WOOF,
WRES,
WRLD,
WSBC,
WSBF,
WSFS,
WSTL,
WTBA,
WTFC,
WTSLA,
WWD,
WWWW,
SUPX,
SUSQ,
SUSS,
SVA,
SWHC,
SWKS,
SYBT,
SYKE,
SYMC,
SYMM,
SYNA,
SYNT,
SYUT,
SZYM,
TASR,
TAST,
TAXI,
TAYC,
TBBK,
TBNK,
TCBI,
TCBK,
TCPC,
TCRD,
TECD,
TECH,
TECUA,
TESO,
SPTN,
SPWR,
SQI,
SQNM,
SRCE,
SRCL,
SRDX,
SREV,
SSNC,
SSRX,
SSYS,
STAN,
STBA,
STEC,
STEI,
STEL,
STFC,
STLD,
STLY,
STMP,
STNR,
STRA,
STRL,
STRS,
STX,
SUBK,
SUNH,
SUNS,
TSLA,
TSRA,
TSRO,
TSTC,
TSYS,
TTEC,
TTEK,
TTMI,
TTWO,
TUES,
TWGP,
TWIN,
TWTC,
TXN,
TXRH,
TYPE,
TZOO,
UACL,
UBFO,
UBNK,
UBNT,
UBSH,
UBSI,
UCBI,
UCFC,
UCTT,
UDRL,
UEIC,
TFM,
TFSL,
TGE,
THFF,
THOR,
THQI,
THRM,
TIBX,
TICC,
TITN,
TIVO,
TLAB,
TNAV,
TNGO,
TOPS,
TOWN,
TQNT,
TRAK,
TRGT,
TRIP,
TRLG,
TRMB,
TRMK,
TRNX,
TROW,
TRS,
TRST,
TSCO,
IIIN,
IILG,
IIVI,
ILMN,
IMGN,
IMI,
IMKTA,
IMMR,
INAP,
INCY,
INDB,
INFA,
INFI,
INFN,
ININ,
INTC,
INTL,
INTU,
INWK,
IOSP,
IPAR,
IPAS,
IPCC,
IPCM,
IPGP,
IPHS,
IPXL,
HTLD,
HTLF,
HTWR,
HUBG,
HURC,
HURN,
HWAY,
HWBK,
HWCC,
HWKN,
IACI,
IART,
IBCA,
IBCP,
IBKC,
IBKR,
IBOC,
ICFI,
ICGE,
ICON,
ICUI,
IDCC,
IDTI,
IDXX,
IEP,
IFSIA,
IGLD,
IGTE,
JIVE,
JJSF,
JKHY,
JOBS,
JOSB,
JRCC,
JRJC,
JST,
KALU,
KBALB,
KCAP,
KELYA,
KEYN,
KEYW,
KFFG,
KFRC,
ZUMZ,
KIOR,
KIRK,
KITD,
KLAC,
KLIC,
KONG,
KOPN,
KRFT,
KRNY,
KSWS,
KTOS,
IQNT,
IRBT,
IRDM,
IRET,
IRG,
IRIS,
IRWD,
ISBC,
ISCA,
ISIL,
ISIS,
ISLE,
ISRG,
ISSC,
ISSI,
ITMN,
ITRI,
IVAC,
IXYS,
JACK,
JAKK,
JASO,
JAZZ,
JBHT,
JBLU,
JCOM,
JDAS,
JDSU,
GBLI,
GBNK,
GCOM,
GEOS,
GEOY,
GERN,
GHDX,
GIFI,
GIGM,
GIII,
GILD,
GIVN,
GKSR,
GLAD,
GLCH,
GLDD,
GLPW,
GLRE,
GLUU,
GMAN,
GMCR,
GMLP,
GNCMA,
GNTX,
GOOD,
GOOG,
GPOR,
GPRE,
FRNK,
FSBK,
FSC,
FSCI,
FSGI,
FSIN,
FSLR,
FSTR,
FSYS,
FTEK,
FTNT,
FTR,
FUBC,
FULT,
FUNC,
FUND,
FURX,
FWLT,
FWRD,
FXCB,
FXEN,
GABC,
GAGA,
GAIN,
GAME,
GASS,
GBCI,
GBDC,
HIMX,
HITK,
HITT,
HLIT,
HLSS,
HMIN,
HMPR,
HMSY,
HOFT,
HOGS,
HOLI,
HOLX,
HOMB,
HOME,
HOTT,
HPOL,
HRZN,
HSFT,
HSIC,
HSII,
HSNI,
HSOL,
HSON,
HSTM,
HTBK,
HTCH,
HTCO,
HTHT,
GRMN,
GRPN,
GSBC,
GSIG,
GSIT,
GSJK,
GSM,
GSOL,
GTAT,
GTIV,
GTLS,
GURE,
HA,
HAFC,
HAIN,
HAS,
HAYN,
HBAN,
HBHC,
HCBK,
HCSG,
HDNG,
HEAT,
HEES,
HELE,
HERO,
HFWA,
HIBB,
MTSI,
MTSN,
MU,
MWIV,
MXIM,
MXWL,
MYGN,
MYL,
MYRG,
NABI,
NAFC,
NANO,
NATI,
NATL,
NAVG,
NBBC,
NBIX,
NBTB,
NCIT,
NCMI,
NCTY,
NDAQ,
NDSN,
NEOG,
NEWL,
NEWP,
NEWS,
NFBK,
MNST,
MNTA,
MNTG,
MOFG,
MOLX,
MORN,
MOTR,
MOVE,
MPAA,
MPEL,
MPWR,
MRCY,
MRGE,
MRLN,
MRTN,
MRVL,
MSCC,
MSEX,
MSFG,
MSFT,
MSG,
MSPD,
MSTR,
MSW,
MTEX,
MTGE,
MTRX,
MTSC,
NWLI,
NWPX,
NWSA,
NXPI,
NXTM,
OABC,
OCFC,
OCLR,
ODFL,
OFIX,
OIIM,
OKSB,
OMCL,
OMPI,
ONNN,
ONXX,
OPEN,
OPLK,
OPNT,
OPTR,
ORBK,
ORCC,
ORCL,
ORIT,
ORLY,
OSBC,
OSIS,
OSUR,
NFLX,
NGPC,
NICK,
NIHD,
NILE,
NKTR,
NNBR,
NOOF,
NOVB,
NPBC,
NRIM,
NSIT,
NSSC,
NTAP,
NTCT,
NTES,
NTGR,
NTLS,
NTRI,
NTRS,
NTSP,
NUAN,
NUTR,
NUVA,
NVDA,
NVMI,
NVTL,
NWBI,
LLTC,
LMCA,
LMIA,
LMNX,
LMOS,
LNCE,
LNCO,
LNDC,
LNET,
LOGM,
LOJN,
LOPE,
LORL,
LPHI,
LPLA,
LPNT,
LPSN,
LQDT,
LRCX,
LSCC,
LSTR,
LTXC,
LUFK,
LULU,
LVNTA,
LXRX,
LYTS,
MACK,
KVHI,
KYAK,
KYTH,
LABL,
LAMR,
LANC,
LAWS,
LAYN,
LBAI,
LBTYA,
LCAV,
LCUT,
LEAP,
LECO,
LEDR,
LEDS,
LFUS,
LGCY,
LHCG,
LIFE,
LINC,
LINE,
LINTA,
LION,
LKFN,
LKQ,
LLEN,
LLNW,
MELI,
MEMP,
MENT,
MERC,
METR,
MFLX,
MFRM,
MGAM,
MGEE,
MGIC,
MGLN,
MGPI,
MGRC,
MHLD,
MIDD,
MIND,
MINI,
MIPS,
MKSI,
MKTG,
MKTX,
MLHR,
MLNK,
MLNX,
MMLP,
MMSI,
MMYT,
MNRO,
MAKO,
MANH,
MANT,
MAPP,
MASI,
MAT,
MATW,
MAXY,
MBFI,
MBTF,
MBVT,
MBWM,
MCBC,
MCBI,
MCGC,
MCHP,
MCHX,
MCOX,
MCRI,
MCRL,
MCRS,
MDAS,
MDCI,
MDCO,
MDLZ,
MDRX,
MDSO,
MEAS,
DSUM,
MEIP ,
TPCG ,
OCZ ,
AAME ,
EBMT ,
ARQL ,
PACR ,
CALM ,
CONN ,
OCLR ,
CMRG ,
MSW ,
LSCC ,
CBEY ,
ISSI ,
CWTR ,
GOOD ,
ALSK ,
CVGI ,
VEA ,
SMH ,
IEF ,
TIP ,
JGBS ,
EFA ,
IYT ,
EPP ,
PFF ,
ALD ,
TTT ,
LQD ,
EWJ ,
EWS ,
XLF ,
GLD ,
NEA ,
FICO ,
FAF ,
FIF ,
FIG ,
FII ,
FIO ,
FIS ,
FAC ,
F ,
EXR ,
FIX ,
FL ,
FLO ,
EXPR ,
FLR ,
FLS ,
FLT ,
EXP ,
FLTX ,
EXM ,
FDS ,
FCN ,
FCH ,
FCS ,
FCT ,
FCF ,
FCE/A ,
FCX ,
FDI ,
FDO ,
FDP ,
FC ,
FDX ,
FE ,
FENG ,
FBP ,
FET ,
FBN ,
FBHS ,
FBC ,
FF ,
FFA ,
FFC ,
FFG ,
FGP ,
FHN ,
FAM ,
FVE ,
FXCM ,
G ,
GA ,
GAB ,
GAM ,
GAS ,
GB ,
GBAB ,
GBL ,
GBX ,
GCA ,
GCAP ,
GCI ,
GCO ,
GD ,
GDI ,
GDO ,
GDOT ,
GDP ,
GE ,
GEF ,
GEL ,
GEN ,
GEO ,
GES ,
GFF ,
GFIG ,
GFY ,
GGC ,
GGG ,
FLY ,
FMC ,
FMD ,
FN ,
FNB ,
FNF ,
FNP ,
FOE ,
FOR ,
FPO ,
FPT ,
FR ,
FRA ,
FRC ,
FRF ,
FRM ,
FRO ,
FRT ,
FRX ,
FSD ,
FSL ,
FSR ,
FSS ,
FST ,
FT ,
FTI ,
FTK ,
FTT ,
FUL ,
FUN ,
FUR ,
EBF ,
EBS ,
ECL ,
ECT ,
ED ,
EDD ,
EDE ,
EDF ,
EDG ,
EDR ,
EDU ,
EE ,
EEP ,
EEQ ,
EFC ,
EFR ,
EFT ,
EFX ,
EGF ,
EGL ,
EGN ,
EGP ,
EGY ,
EHI ,
EIG ,
EIX ,
EJ ,
EL ,
ELLI ,
ELS ,
DPO ,
DPS ,
DPZ ,
DQ ,
DRC ,
DRE ,
DRH ,
DRI ,
DRL ,
DRQ ,
DSM ,
DST ,
DSU ,
DSW ,
DSX ,
DTE ,
DTG ,
DUC ,
DUF ,
DUK ,
DV ,
DVA ,
DVD ,
DVN ,
DVR ,
DW ,
DWRE ,
DX ,
DY ,
DYN ,
EAT ,
ESL ,
ESS ,
ESV ,
ET ,
ETB ,
ETE ,
ETH ,
ETJ ,
ETM ,
ETN ,
ETP ,
ETR ,
ETV ,
ETW ,
ETY ,
EV ,
EVC ,
EVER ,
EVF ,
EVG ,
EVN ,
DPM ,
EVR ,
EW ,
EXAM ,
EXC ,
EXD ,
EXG ,
EXH ,
EXL ,
ELX ,
ELY ,
EMC ,
EMD ,
EME ,
EMN ,
EMR ,
END ,
ENH ,
ENR ,
ENS ,
ENV ,
ENZ ,
EOG ,
EOI ,
EOS ,
EPAM ,
EPB ,
EPD ,
EPL ,
EPR ,
EQM ,
EQR ,
EQS ,
EQT ,
EQY ,
ES ,
ESC ,
ESD ,
ESE ,
ESI ,
IGI ,
IGR ,
IGT ,
IHC ,
IHS ,
IIM ,
IL ,
IM ,
IMN ,
IMPV ,
IN ,
INGR ,
INN ,
INT ,
INVN ,
INXN ,
IO ,
IOC ,
IP ,
IPG ,
IPHI ,
IPI ,
IQI ,
IR ,
IRC ,
IRF ,
IRM ,
IRR ,
ISH ,
IT ,
ITC ,
HTH ,
HTR ,
HTS ,
HTSI ,
HTZ ,
HUB/B ,
HUM ,
HUN ,
HVB ,
HVT ,
HW ,
HXL ,
HY ,
HYB ,
HYF ,
HYI ,
HYT ,
HYV ,
HZO ,
IAE ,
IBM ,
ICB ,
ICE ,
IDA ,
IDE ,
IDT ,
IEX ,
IFF ,
IFT ,
IGA ,
IGD ,
JNS ,
JNY ,
JOE ,
JOY ,
JPC ,
JPG ,
JPM ,
JPS ,
JPZ ,
JQC ,
JRI ,
JRN ,
JRO ,
JSN ,
JTP ,
JW/A ,
JWN ,
K ,
KAI ,
KAMN ,
KAR ,
KBH ,
KBR ,
KBW ,
KCG ,
KDN ,
KED ,
KEG ,
KEM ,
KEX ,
KEY ,
ITG ,
ITT ,
ITW ,
IVC ,
IVR ,
IVZ ,
JAH ,
JBL ,
JBT ,
JCI ,
JCP ,
JDD ,
JEC ,
JEF ,
JFR ,
JGG ,
JGT ,
JGV ,
JHI ,
JHP ,
JHS ,
JKS ,
JLA ,
JLL ,
JLS ,
JMF ,
JMI ,
JMP ,
JMT ,
JNJ ,
JNPR ,
GPX ,
GRA ,
GRO ,
GRT ,
GS ,
GSE ,
GSI ,
GSL ,
GT ,
GTI ,
GTN ,
GTS ,
GTY ,
GVA ,
GWAY ,
GWR ,
GWRE ,
GWW ,
GXP ,
GY ,
H ,
HAE ,
HAL ,
HAR ,
HBI ,
HCA ,
HCC ,
HCI ,
HCLP ,
HCN ,
HCP ,
GGP ,
GGS ,
GHI ,
GHL ,
GIM ,
GIS ,
GKK ,
GLF ,
GLOG ,
GLP ,
GLT ,
GLW ,
GM ,
GME ,
GMED ,
GMT ,
GMXR ,
GNC ,
GNE ,
GNI ,
GNK ,
GNRC ,
GNT ,
GNW ,
GOV ,
GPC ,
GPI ,
GPK ,
GPM ,
GPN ,
GPS ,
HNR ,
HNT ,
HNZ ,
HOG ,
HON ,
HOS ,
HOT ,
HOV ,
HP ,
HPF ,
HPI ,
HPP ,
HPQ ,
HPS ,
HPT ,
HPY ,
HQH ,
HR ,
HRB ,
HRC ,
HRG ,
HRL ,
HRS ,
HSC ,
HSH ,
HSP ,
HST ,
HSY ,
HT ,
HTA ,
HTGC ,
HD ,
HDY ,
HE ,
HEI ,
HEK ,
HEP ,
HES ,
HF ,
HFC ,
HGG ,
HGR ,
HGT ,
HHC ,
HHS ,
HI ,
HIG ,
HIH ,
HII ,
HIL ,
HIO ,
HIW ,
HIX ,
HK ,
HL ,
HLF ,
HLS ,
HLX ,
HMA ,
HME ,
HMN ,
HNI ,
AZO ,
AZZ ,
B ,
BA ,
BAC ,
BAH ,
BALT ,
BAP ,
BAS ,
BAX ,
BBG ,
BBK ,
BBN ,
BBT ,
BBW ,
BBX ,
BBY ,
BC ,
BCEI ,
BCF ,
BCO ,
BCR ,
BCX ,
BDC ,
BDJ ,
BDN ,
BDX ,
BEAM ,
BEE ,
BEN ,
BERY ,
ASGN ,
ASH ,
ASI ,
ATI ,
ATK ,
ATLS ,
ATO ,
ATR ,
ATU ,
ATV ,
ATW ,
AVA ,
AVB ,
AVD ,
AVG ,
AVP ,
AVT ,
AVX ,
AVY ,
AWF ,
AWH ,
AWI ,
AWK ,
AWR ,
AXE ,
AXL ,
AXP ,
AXR ,
AXS ,
AYI ,
AYR ,
BLC ,
BLK ,
BLL ,
BLOX ,
BLT ,
BLW ,
BLX ,
BME ,
BMI ,
BMR ,
BMS ,
BMY ,
BNA ,
BNNY ,
BOE ,
BOH ,
BORN ,
BOX ,
BPI ,
BPK ,
BPL ,
BPP ,
BPT ,
BPZ ,
BQR ,
BR ,
BRC ,
BRE ,
BRK/A ,
BRO ,
BRS ,
BF/B ,
BFK ,
BFS ,
BG ,
BGC ,
BGG ,
BGR ,
BGS ,
BGT ,
BGX ,
BGY ,
BH ,
BHE ,
BHI ,
BHK ,
BID ,
BIG ,
BIO ,
BIP ,
BITA ,
BK ,
BKD ,
BKE ,
BKH ,
BKI ,
BKK ,
BKN ,
BKS ,
BKT ,
BKU ,
BKW ,
AEE ,
AEL ,
AEO ,
AEP ,
AER ,
AES ,
AET ,
AF ,
AFB ,
AFG ,
AFL ,
AFT ,
AGCO ,
AGM ,
AGN ,
AGO ,
AGP ,
AGRO ,
AH ,
AHC ,
AHL ,
AHS ,
AHT ,
AI ,
AIG ,
AIN ,
AIQ ,
AIR ,
AIT ,
AIV ,
AIZ ,
A ,
AA ,
AAN ,
AAP ,
AAT ,
AB ,
ABC ,
ABG ,
ABM ,
ABR ,
ABT ,
ACC ,
ACCO ,
ACE ,
ACG ,
ACI ,
ACM ,
ACMP ,
ACN ,
ACO ,
ACP ,
ACRE ,
ACTV ,
ACW ,
ADC ,
ADM ,
ADS ,
ADT ,
ADX ,
ADY ,
AEC ,
ANN ,
ANR ,
ANW ,
AOI ,
AOL ,
AON ,
AOS ,
AP ,
APA ,
APC ,
APD ,
APH ,
APL ,
APO ,
APU ,
ARB ,
ARC ,
ARCO ,
ARE ,
ARG ,
ARI ,
ARK ,
ARL ,
ARO ,
ARP ,
ARR ,
ARSD ,
ART ,
ARW ,
ARX ,
ASA ,
AJG ,
AKR ,
AKS ,
AL ,
ALB ,
ALC ,
ALE ,
ALEX ,
ALG ,
ALJ ,
ALK ,
ALL ,
ALR ,
ALSN ,
ALV ,
ALX ,
AM ,
AMBO ,
AMD ,
AME ,
AMG ,
AMID ,
AMP ,
AMRC ,
AMRE ,
AMT ,
AMTD ,
AMTG ,
AN ,
ANF ,
ANFI ,
ANH ,
CSC ,
CSE ,
CSH ,
CSI ,
CSL ,
CSP ,
CSS ,
CSU ,
CSV ,
CSX ,
CT ,
CTB ,
CTC ,
CTL ,
CTS ,
CUB ,
CUBE ,
CUZ ,
CVA ,
CVC ,
CVD ,
CVG ,
CVH ,
CVI ,
CVO ,
CVS ,
CVX ,
CW ,
CWH ,
CWT ,
CXE ,
CNX ,
CO ,
CODE ,
CODI ,
COF ,
COG ,
COH ,
COL ,
COO ,
COP ,
COR ,
COV ,
COY ,
CPA ,
CPB ,
CPE ,
CPF ,
CPK ,
CPN ,
CPT ,
CQB ,
CR ,
CRD/A ,
CRI ,
CRK ,
CRL ,
CRM ,
CRR ,
CRS ,
CRT ,
CRY ,
DFT ,
DG ,
DGI ,
DGX ,
DHF ,
DHI ,
DHR ,
DHT ,
DHX ,
DIN ,
DIS ,
DK ,
DKS ,
DL ,
DLB ,
DLPH ,
DLR ,
DLX ,
DM ,
DMD ,
DMO ,
DNB ,
DNP ,
DNR ,
DO ,
DOLE ,
DOM ,
DOV ,
DOW ,
DOX ,
DPD ,
CXO ,
CXS ,
CXW ,
CYD ,
CYE ,
CYH ,
CYN ,
CYS ,
CYT ,
CZZ ,
D ,
DAC ,
DAL ,
DAN ,
DANG ,
DAR ,
DBD ,
DCI ,
DCO ,
DCT ,
DD ,
DDD ,
DDE ,
DDR ,
DDS ,
DE ,
DEI ,
DEL ,
DEX ,
DEXO ,
DF ,
DFS ,
CASC ,
CAT ,
CATO ,
CB ,
CBB ,
CBE ,
CBG ,
CBI ,
CBK ,
CBL ,
CBM ,
CBR ,
CBS ,
CBT ,
CBU ,
CBZ ,
CCC ,
CCE ,
CCG ,
CCI ,
CCK ,
CCL ,
CCM ,
CCO ,
CCSC ,
CDE ,
CDI ,
CDR ,
CE ,
CEB ,
CEC ,
BRT ,
BRY ,
BSL ,
BSX ,
BTA ,
BTH ,
BTU ,
BTZ ,
BWA ,
BWC ,
BWP ,
BWS ,
BX ,
BXC ,
BXG ,
BXP ,
BXS ,
BYD ,
BYI ,
BYM ,
BZ ,
BZH ,
C ,
CAB ,
CACI ,
CAG ,
CAH ,
CALX ,
CAM ,
CAP ,
CAS ,
CLD ,
CLDT ,
CLF ,
CLGX ,
CLH ,
CLI ,
CLNY ,
CLP ,
CLR ,
CLW ,
CLX ,
CMA ,
CMC ,
CMG ,
CMI ,
CMLP ,
CMN ,
CMO ,
CMP ,
CMRE ,
CMS ,
CMU ,
CNA ,
CNC ,
CNH ,
CNK ,
CNL ,
CNO ,
CNP ,
CNS ,
CNW ,
CF ,
CFI ,
CFN ,
CFR ,
CFX ,
CGA ,
CGI ,
CGX ,
CHC ,
CHD ,
CHE ,
CHG ,
CHH ,
CHK ,
CHKR ,
CHMT ,
CHS ,
CHSP ,
CI ,
CIA ,
CIE ,
CII ,
CIM ,
CIR ,
CIS ,
CIT ,
CJES ,
CKH ,
CKP ,
CL ,
CLB ,
CLC ,
SN ,
SNA ,
SNH ,
SNI ,
SNV ,
SNX ,
SO ,
SOL ,
SON ,
SOR ,
SPA ,
SPB ,
SPF ,
SPG ,
SPH ,
SPLP ,
SPN ,
SPR ,
SPW ,
SQNS ,
SR ,
SRC ,
SRE ,
SRI ,
SRT ,
SRZ ,
SSD ,
SSI ,
SSP ,
SSS ,
SSTK ,
SGL ,
SGU ,
SGY ,
SHAW ,
SHF ,
SHO ,
SHP ,
SHS ,
SHW ,
SIG ,
SIR ,
SIX ,
SJI ,
SJM ,
SJT ,
SJW ,
SKH ,
SKS ,
SKT ,
SKX ,
SKY ,
SLB ,
SLCA ,
SLG ,
SLH ,
SM ,
SMA ,
SMG ,
SMLP ,
SMM ,
SMP ,
SXC ,
SXI ,
SXL ,
SXT ,
SYA ,
SYK ,
SYSW ,
SYX ,
SYY ,
T ,
TAL ,
TAOM ,
TAP ,
TARO ,
TBI ,
TCAP ,
TCB ,
TCI ,
TCO ,
TCP ,
TDC ,
TDG ,
TDS ,
TDW ,
TDY ,
TE ,
TEA ,
TEG ,
TEI ,
TEL ,
TEN ,
SSW ,
ST ,
STAG ,
STC ,
STE ,
STI ,
STJ ,
STK ,
STL ,
STNG ,
STON ,
STP ,
STR ,
STRI ,
STT ,
STV ,
STWD ,
STZ ,
SUI ,
SUP ,
SUSP ,
SVN ,
SVU ,
SWC ,
SWFT ,
SWI ,
SWK ,
SWM ,
SWN ,
SWS ,
SWX ,
SWY ,
RENN ,
RES ,
REV ,
REX ,
RF ,
RFP ,
RGA ,
RGC ,
RGP ,
RGR ,
RGS ,
RHI ,
RHP ,
RHT ,
RIG ,
RJF ,
RKT ,
RL ,
RLD ,
RLGY ,
RLH ,
RLI ,
RLJ ,
RM ,
RMD ,
RMT ,
RNDY ,
RNF ,
RNO ,
RNR ,
ROC ,
PTY ,
PULS ,
PVA ,
PVH ,
PVR ,
PWR ,
PX ,
PXD ,
PXP ,
PZN ,
QEP ,
QIHU ,
QRE ,
QTM ,
QUAD ,
R ,
RAD ,
RAH ,
RAI ,
RAS ,
RATE ,
RAX ,
RBC ,
RBN ,
RCL ,
RCS ,
RDC ,
RDN ,
RE ,
REG ,
REN ,
SBR ,
SBW ,
SBX ,
SCCO ,
SCD ,
SCG ,
SCHW ,
SCI ,
SCL ,
SCR ,
SCS ,
SCX ,
SD ,
SDLP ,
SDR ,
SDT ,
SE ,
SEE ,
SEH ,
SEM ,
SEMG ,
SEP ,
SF ,
SFD ,
SFE ,
SFG ,
SFI ,
SFL ,
SFUN ,
SFY ,
SGK ,
ROG ,
ROK ,
ROL ,
ROP ,
ROYT ,
RPAI ,
RPM ,
RPT ,
RRC ,
RRMS ,
RRTS ,
RS ,
RSE ,
RSG ,
RSH ,
RSO ,
RST ,
RT ,
RTI ,
RTN ,
RVT ,
RWT ,
RXN ,
RYL ,
RYN ,
S ,
SAH ,
SAI ,
SAM ,
SAR ,
SB ,
SBH ,
WBS ,
WCC ,
WCG ,
WCN ,
WD ,
WDAY ,
WDR ,
WEA ,
WEC ,
WES ,
WFC ,
WFR ,
WFT ,
WG ,
WGL ,
WGO ,
WH ,
WHG ,
WHR ,
WHX ,
WHZ ,
WIA ,
WIW ,
WLK ,
WLL ,
WLP ,
WLT ,
WM ,
WMB ,
WMC ,
WMK ,
VIPS ,
VIT ,
VKQ ,
VLO ,
VLY ,
VMC ,
VMI ,
VMO ,
VMW ,
VNO ,
VNR ,
VNTV ,
VOC ,
VPG ,
VR ,
VRS ,
VSH ,
VSI ,
VTA ,
VTR ,
VVC ,
VVI ,
VVR ,
VZ ,
WAB ,
WAG ,
WAGE ,
WAIR ,
WAL ,
WAT ,
WBC ,
WXS ,
WY ,
WYN ,
X ,
XCO ,
XEC ,
XEL ,
XIN ,
XL ,
XLS ,
XNY ,
XOM ,
XOXO ,
XPO ,
XRM ,
XRS ,
XRX ,
XUE ,
XYL ,
Y ,
YELP ,
YGE ,
YOKU ,
YUM ,
ZA ,
ZEP ,
ZLC ,
ZMH ,
ZQK ,
ZX ,
ZZ ,
WMS ,
WMT ,
WNC ,
WNR ,
WNS ,
WOR ,
WPC ,
WPI ,
WPO ,
WPP ,
WPX ,
WPZ ,
WR ,
WRB ,
WRC ,
WRE ,
WRI ,
WSH ,
WSM ,
WSO ,
WSR ,
WST ,
WTI ,
WTM ,
WTR ,
WTS ,
WTW ,
WU ,
WWAV ,
WWE ,
WWW ,
WX ,
TNK ,
TNP ,
TNS ,
TOL ,
TOO ,
TOWR ,
TPC ,
TPL ,
TPX ,
TR ,
TRC ,
TREX ,
TRGP ,
TRK ,
TRLA ,
TRN ,
TRNO ,
TROX ,
TRR ,
TRU ,
TRV ,
TRW ,
TSL ,
TSN ,
TSO ,
TSS ,
TTC ,
TTI ,
TTO ,
TUC ,
TUMI ,
TER ,
TEU ,
TEX ,
TFX ,
TG ,
TGH ,
TGI ,
TGP ,
TGT ,
TGX ,
THC ,
THG ,
THO ,
THR ,
THS ,
TIE ,
TIF ,
TISI ,
TJX ,
TK ,
TKR ,
TLI ,
TLLP ,
TLP ,
TLYS ,
TMH ,
TMK ,
TMO ,
TMS ,
TNC ,
TNH ,
UNS ,
UNT ,
UPL ,
UPS ,
URI ,
URS ,
USB ,
USG ,
USM ,
USNA ,
USPH ,
USU ,
UTI ,
UTL ,
UTX ,
UVV ,
V ,
VAC ,
VAL ,
VAR ,
VBF ,
VC ,
VCI ,
VCRA ,
VFC ,
VG ,
VGM ,
VGR ,
VHI ,
VHS ,
VIP ,
TUP ,
TVL ,
TW ,
TWC ,
TWI ,
TWO ,
TWX ,
TX ,
TXI ,
TXT ,
TY ,
TYC ,
TYG ,
TYL ,
UA ,
UAL ,
UAM ,
UAN ,
UBA ,
UDR ,
UFI ,
UFS ,
UGI ,
UHS ,
UHT ,
UIL ,
UIS ,
UMH ,
UNF ,
UNH ,
UNM ,
UNP ,
MKL ,
MLI ,
MLM ,
MLP ,
MLR ,
MM ,
MMC ,
MMM ,
MMP ,
MMR ,
MMS ,
MMT ,
MMU ,
MN ,
MNI ,
MNR ,
MO ,
MOD ,
MOG/A ,
MOH ,
MON ,
MOS ,
MOV ,
MPC ,
MPG ,
MPLX ,
MPO ,
MPR ,
MPW ,
MPX ,
MQT ,
MDT ,
MDU ,
MED ,
MEG ,
MEI ,
MEN ,
MET ,
MFA ,
MFB ,
MFL ,
MFM ,
MG ,
MGF ,
MGI ,
MGM ,
MHD ,
MHF ,
MHI ,
MHK ,
MHO ,
MHP ,
MHR ,
MHY ,
MIC ,
MIG ,
MIL ,
MILL ,
MIN ,
MITT ,
MJN ,
MKC ,
MUI ,
MUR ,
MUS ,
MUSA ,
MUX ,
MVC ,
MVO ,
MVT ,
MW ,
MWA ,
MWE ,
MWV ,
MWW ,
MX ,
MXF ,
MXL ,
MY ,
MYD ,
MYE ,
MYF ,
MYI ,
MZF ,
N ,
NAD ,
NAI ,
NAT ,
NAV ,
NBB ,
NBD ,
NBL ,
NBR ,
MQY ,
MR ,
MRC ,
MRH ,
MRK ,
MRO ,
MRX ,
MS ,
MSA ,
MSB ,
MSCI ,
MSD ,
MSI ,
MSM ,
MSO ,
MTB ,
MTD ,
MTDR ,
MTG ,
MTH ,
MTN ,
MTOR ,
MTR ,
MTRN ,
MTS ,
MTT ,
MTW ,
MTX ,
MTZ ,
MUA ,
MUE ,
MUH ,
KS ,
KSS ,
KSU ,
KTF ,
KW ,
KWK ,
KWR ,
KYN ,
L ,
LAD ,
LAS ,
LAZ ,
LCC ,
LCM ,
LDK ,
LDL ,
LDR ,
LEA ,
LEE ,
LEG ,
LEN ,
LEO ,
LF ,
LG ,
LGF ,
LGP ,
LH ,
LHO ,
LII ,
LL ,
LLL ,
KF ,
KFN ,
KFY ,
KHI ,
KID ,
KIM ,
KKD ,
KKR ,
KMB ,
KMG ,
KMI ,
KMM ,
KMP ,
KMPR ,
KMR ,
KMT ,
KMX ,
KND ,
KNL ,
KNX ,
KNXA ,
KO ,
KOG ,
KOP ,
KORS ,
KOS ,
KR ,
KRA ,
KRC ,
KRG ,
KRO ,
LXU ,
LYB ,
LYV ,
LZB ,
M ,
MA ,
MAA ,
MAC ,
MAIN ,
MAN ,
MANU ,
MAR ,
MAS ,
MATX ,
MAV ,
MBI ,
MCA ,
MCC ,
MCD ,
MCK ,
MCN ,
MCO ,
MCP ,
MCR ,
MCS ,
MCY ,
MD ,
MDC ,
MDF ,
MDP ,
MDR ,
LLY ,
LM ,
LMT ,
LNC ,
LNKD ,
LNN ,
LNT ,
LO ,
LOCK ,
LOW ,
LPI ,
LPR ,
LPS ,
LPX ,
LRE ,
LRN ,
LRP ,
LRY ,
LSE ,
LSI ,
LTC ,
LTD ,
LTM ,
LUB ,
LUK ,
LUV ,
LVB ,
LVLT ,
LVS ,
LXFR ,
LXK ,
LXP ,
PBY ,
PBYI ,
PCF ,
PCG ,
PCL ,
PCM ,
PCN ,
PCP ,
PCS ,
PDH ,
PDI ,
PDM ,
PDT ,
PEB ,
PEG ,
PEI ,
PEO ,
PEP ,
PER ,
PES ,
PFD ,
PFE ,
PFG ,
PFL ,
PFN ,
PFS ,
PG ,
PGI ,
PGR ,
PH ,
PHD ,
OME ,
OMG ,
OMI ,
OMN ,
OMX ,
ONB ,
ONE ,
OPK ,
OPY ,
ORA ,
ORB ,
ORI ,
ORN ,
OSG ,
OSK ,
OWW ,
OXF ,
OXM ,
OXY ,
OZM ,
P ,
PAA ,
PAG ,
PANW ,
PAR ,
PAY ,
PB ,
PBH ,
PBI ,
PBNY ,
PBT ,
PNR ,
PNW ,
PNX ,
PNY ,
POL ,
POM ,
POR ,
POST ,
PPC ,
PPG ,
PPL ,
PPO ,
PPR ,
PPS ,
PPT ,
PQ ,
PRA ,
PRE ,
PRGN ,
PRI ,
PRLB ,
PRO ,
PRU ,
PSA ,
PSB ,
PSE ,
PSF ,
PSX ,
PSY ,
PTGI ,
PTP ,
PHH ,
PHK ,
PHM ,
PHX ,
PII ,
PIKE ,
PIM ,
PIR ,
PJC ,
PKD ,
PKE ,
PKG ,
PKI ,
PKO ,
PKY ,
PL ,
PLD ,
PLL ,
PLOW ,
PLT ,
PM ,
PMC ,
PMF ,
PML ,
PMM ,
PMO ,
PMT ,
PMX ,
PNC ,
PNG ,
PNK ,
PNM ,
NLSN ,
NLY ,
NM ,
NMA ,
NMD ,
NMFC ,
NMM ,
NMO ,
NMY ,
NNA ,
NNI ,
NNN ,
NOAH ,
NOC ,
NOR ,
NOV ,
NOW ,
NP ,
NPD ,
NPF ,
NPI ,
NPK ,
NPM ,
NPO ,
NPP ,
NPT ,
NPTN ,
NPX ,
NQ ,
NQI ,
NQM ,
NC ,
NCI ,
NCR ,
NCS ,
NCT ,
NDRO ,
NE ,
NED ,
NEE ,
NEM ,
NEU ,
NFG ,
NFJ ,
NFP ,
NFX ,
NGL ,
NGLS ,
NGS ,
NGT ,
NGVC ,
NHF ,
NHI ,
NI ,
NIF ,
NIM ,
NIO ,
NJR ,
NKA ,
NKE ,
NL ,
NLS ,
NX ,
NXP ,
NXQ ,
NXR ,
NYB ,
NYT ,
NYX ,
O ,
OAK ,
OAS ,
OB ,
OC ,
OCN ,
OCR ,
ODC ,
ODP ,
OEH ,
OFC ,
OFG ,
OGE ,
OHI ,
OI ,
OIA ,
OII ,
OILT ,
OIS ,
OKE ,
OKS ,
OLN ,
OLP ,
OMC ,
NQS ,
NQU ,
NR ,
NRF ,
NRG ,
NRGM ,
NRGY ,
NRP ,
NRT ,
NS ,
NSC ,
NSH ,
NSL ,
NSM ,
NSP ,
NSR ,
NTE ,
NTG ,
NTI ,
NTZ ,
NU ,
NUE ,
NUS ,
NUV ,
NUW ,
NVE ,
NVN ,
NVR ,
NWE ,
NWL ,
NWN ,
NWY ,



